Title,MH1843,HGPP1849,HT1886,CS1908,CH1941,SDAH,NZK,WN,HSAB1852,HT1869
A child of the King,,,,,,468,,,,
A diligent and grateful heart.,,,,,,639,,,,
A hymn of glory let us sing. ,,,,,,228,,,,
A mighty fortress is our God.,,,,,,506,,,,
A quiet place,,,,,,503,,,,
A shelter in the time of storm ....,,,,,,528,,,,
A song of heaven and homeland..,,,,,,472,,,,
A wonderful Savior is Jesus.....,,,,,,520,,,,
"Abide with me, 'tis eventide.",,,,,,46,,,,
"Abide with me, fast falls the",,,,,50,50,91,133,,
Alas! and did my Savior bleed?,,,,,,163,,,,
All creatures of our God and King,,,,,,2,,,,
"All glory, laud, and honor..",,,,,,230,,,,
All hail the power,,,,258,156,229,4,4,,
All my doubts I give to Jesus,,,,,,,,174,,
All my hope on God is founded,,,,,,5,,,,
All people that on earth do dwell.,,,,,,16,,,,
All praise to our redeeming Lord,,,,,101,,,53,,
"All praise to Thee, my God.",,,,,,53,,,,
All that thrills my soul....,,,,,,189,,,,
All the way my Saviour leads me,,,,,259,516,155,224,,
All things are Thine.,,,,,,376,,,,
All things bright and beautiful,,,,,,93,,,,
All things come of Thee...,,,,,,665,,,,
All things praise God,,,,,,,,31,,
All to Jesus I surrender,,,,,573,309,122,168,,
All who love and serve your city...,,,,,,356,,,,
"All ye mountains, praise the Lord",,,,,,23,,,,
"Alleluia, sing to Jesus",,,,,,167,,,,
"Almighty Father, hear our prayer",,,,,,693,,,,
Am I a soldier of the cross?,,,,,,609,,115,,
Amazing grace,,,,,,108,,,,
Amens,,,,,,663,,,,
An upper room did our Lord,,,,,,397,,,,
And can it be that I should gain...,,,,,,198,,,,
And have the bright immensities..,,,,,,168,,,,
Angels from the realms of glory...,,,,,,119,,,,
Angels we have heard on high,,,,,,142,,,,
Angry words,,,,,,,150,219,,
Another six days' work is done,,,,,456,,81,118,,
Anywhere with Jesus,,,,,589,508,133,195,,
Are you ready,,,,,,,,243,,
Are you weary,,,,,,,124,171,,
"Arise, my soul, arise",,,,,,38,,,,
"Art thou weary, art thou languid?..",,,,,,,112,,,
As birds unto the genial homeland,,,,,,395,,,,
As it fell upon a night.,,,,,,129,,,,
As Jacob with travel was weary,,,,,,628,,,,
As men of old their firstfruits,,,,,,556,,,,
As pants the hart for cooling........,,,,,,113,,,,
As saints of old......,,,,,,556,,,,
As the bridegroom to his chosen..,,,,,,459,,,,
As water to the thirsty,,,,,,460,,,,
As we come to You in prayer.,,,,,,671,,,,
As with gladness men of old.........,,,,,,123,,,,
"As You have promised, Lord",,,,,,682,,,,
Ask not to be excused,,,,,,,57,79,,
Asleep in Jesus,,,,,,,187,281,,
At first I prayed for light,,,,,,488,,,,
At the cross,,,,,,163,,,,
At the name of Jesus.,,,,,,232,,,,
"Awake my soul, stretch",,,,,355,611,66,97,,
"Awake, awake to love and work.",,,,,,576,,,,
Away in a manger,,,,,,124,,,,
Balm in Gilead,,,,,,475,,,,
Baptize us anew,,,,,525,258,189,283,,
Be not dismayed,,,,,,,,317,,
"Be silent, be silent",,,,,,479,,,,
"Be still, my soul..",,,,,,461,,,,
Be Thou my vision,,,,,,547,,,,
Beautiful Zion,,,,,,450,,,,
Beauty for ashes,,,,,,,,30,,
Because He lives.,,,,,,526,,,,
Before Jehovah's awful throne,,,,,,82,,,,
Beneath the Cross of Jesus,,,,,,303,141,,,
Beneath the forms of outward rite,,,,,,399,,,,
Beulah land,,,,,,,,277,,
Beyond the sea,,,,,,,,274,,
Bless Thou the gifts,,,,,,686,,,,
Blessed are they that do,,,,,,,,193,,
Blessed Assurance,,,,,608,462,51,68,,
"Blessed Jesus, at Thy word.",,,,,,60,,,,
Blessed Lord how much I need Thee,,,,597,578,,16,16,,
Blest be the King..,,,,,,231,,,,
Blest be the tie,,,,,432,350,47,70,,
Bread of the world.,,,,,,398,,,,
"Break forth, O beauteous",,,,,,128,,,,
Break Thou the Bread of Life,,,,,218,271,191,284,,
"Breathe on me, Breath of God",,,,,,265,,,,
Bring ye all the tithes,,,,,,,95,,,
Bringing in the sheaves,,,,,,369,,,,
Built on the Rock,,,,,,347,,,,
Burdens are lifted at Calvary,,,,,,476,,,,
By and By we'll see the king,,,,,,,,330,,
By Christ redeemed,,,,,,402,,,,
Called to the feast,,,,,537,,172,250,,
Can you count the stars?,,,,,,98,,,,
Cast thy burden upon the Lord,,,,,,666,,,,
Cause me to hear,,,,,,685,,,,
Chief of Sinners,,,,,238,295,121,184,,
Children of the heavenly Father...,,,,,,101,,,,
Christ for the world we sing...,,,,,,370,,,,
Christ has for sin atonement made,,,,,,335,,,,
Christ is alive!......,,,,,,182,,,,
Christ is coming,,,,,,201,,,,
Christ is made the sure,,,,,,235,,,,
Christ is the world's light..,,,,,,234,,,,
Christ is the world's true light,,,,,,345,,,,
Christ our mighty captain,,,,,,,,110,,
Christ the Lord is risen Today,,,,,,166,,316,,
Christ upon the mountain peak....,,,,,,147,,,,
"Christ, the Lord, all power.",,,,,,415,,,,
"Christ, whose glory fills the skies..",,,,,,233,,,,
"Christian, seek not repose",,,,,,603,,,,
Close to Thee,,,,,,,,25,,
"Closer to Thee, my Father",,,,,632,,148,209,,
"Come down, O Love divine....",,,,,,257,,,,
Come every soul by sin oppressed,,,,,567,,,151,,
Come Thou fount,,,,398,291,334,10,10,,
Come to Jesus,,,,,,,,156,,
"Come to the Saviour, make no delay ....",,,,,,,99,,,
"Come unto Me, ye weary.",,,,,433,,,158,,
"Come, all Christians, be.",,,,,,634,,,,
"Come, Christians, join to sing.",,,,,,10,,,,
"Come, come, ye saints",,,,,,622,,,,
"Come, every soul by sin oppressed",,,,,,279,,,,
"Come, Holy Spirit, heavenly dove",,,,,,269,,,,
"Come, labor on",,,,,,357,,,,
"Come, let us sing of homeland.",,,,,,431,,,,
"Come, let us sing the song of",,,,,,252,,,,
"Come, my way, my truth, my life.",,,,,,247,,,,
"Come, O Sabbath day.",,,,,,387,,,,
"Come, sing a song of harvest..",,,,,,562,,,,
"Come, Thou Almighty King.",,,,,,71,,,,
"Come, Thou fount of every...",,,,,,334,,,,
"Come, Thou long expected Jesus.",,,,,,204,,,,
"Come, we that love the Lord",,,,,640,422,70,116,,
"Come, ye  disconsolate",,,,,,477,,,,
"Come, ye sinners, poor and needy",,,,,,280,,,,
"Come, ye thankful people, come..",,,,,,557,,,,
"Come, you faithful",,,,,,169,,,,
"Come, you faithful",,,,,,170,,,,
Cover with His life,,,,,,412,,,,
Creator of the stars of night.,,,,,,72,,,,
Crowded is your heart,,,,,,,,179,,
Crown Him with many crowns.,,,,,,223,25,,,
Crowning jewel of Creation........,,,,,,385,,,,
Day by day and with each passing,,,,,,532,,,,
"Day by day, dear Lord",,,,,,689,,,,
Day is dying in the West.,,,,,51,51,92,134,,
"Day of judgment, day of wonder..",,,,,,418,,,,
Days are filled with sorrow and....,,,,,,476,,,,
Dear Lord and Father,,,,,,480,,,,
Dear Lord and Father,,,,,,481,,,,
Dear Lord I'm coming,,,,,,,,214,,
"Dear Lord, we come at set of sun",,,,,,392,,,,
Dearest Name in earth,,,,,,,,28,,
Deeper yet.....,,,,,,302,,,,
Delightful day best gift.,,,,,,,,128,,
Depth of mercy,,,,,,521,,,,
"Dismiss us Lord, with blessing.",,,,,,690,,,,
Does Jesus care?,,,,,,181,,227,,
Don't forget the Sabbath,,,,,653,388,84,120,,
Don't you see my Jesus coming?...,,,,,,454,,,,
Down at the cross,,,,300,,,19,19,,
Draw me nearer,,,,,,306,,319,,
Draw us in the Spirit's tether.,,,,,,259,,,,
"Dying with Jesus, by death",,,,,,507,,,,
Earthly pleasures vainly call me....,,,,,,311,,,,
"Eternal Father, strong to save........",,,,,,85,,,,
"Eternal God, whose power",,,,,,90,,,,
"Eternal love, we have no good......",,,,,,496,,,,
Every flower that grows.....,,,,,,550,,,,
Every star shall sing a carol.,,,,,,24,,,,
Face to face with Christ,,,,,545,206,175,258,,
Fairest Lord Jesus,,,,,,240,,,,
Faith is the victory.,,,,,,608,,,,
Faith of our fathers.,,,,,,304,,318,,
Far and near the Fields.,,,,,448,358,94,136,,
Far away in the depths of my.,,,,,,466,,,,
Far from all care,,,,,,394,,,,
Father we come to Thee.,,,,526,599,,21,6,,
"Father, help your people..",,,,,,353,,,,
"Father, I Stretch my hands",,,,,670,486,143,217,,
"Father, lead me day by day",,,,,,482,,,,
"Father, we thank you",,,,,,566,,,,
"Father, who on us do shower",,,,,,643,,,,
Fight the good fight,,,,,,613,,,,
"Fill my cup, Lord",,,,,,493,,,,
"Fire of God, Thou sacred flame",,,,,,263,,,,
Firmly stand for God.,,,,,,,68,101,,
"Follow, follow..",,,,,,,,323,,
For all the saints.,,,,,,421,,,,
For beauty of meadows,,,,,,640,,,,
For ever here my rest shall be,,,,,,,190,,,
For God so loved us,,,,,,78,,,,
For sunrise hope and sunset calm,,,,,,564,,,,
For the beauty of the earth,,,,,,565,,,,
For the fruits of His creation,,,,,,558,,,,
"For thee, O dear, dear country",,,,,,424,,,,
For you I am praying.,,,,,,284,,,,
For Your holy Book we thank,,,,,,277,,,,
Forgive our sins as we forgive,,,,,,299,,,,
From every stormy wind that.,,,,,,527,,,,
From the eastern mountains.....,,,,,,360,,,,
"Fruitful trees, the Spirit's sowing..",,,,,,414,,,,
"Gentle Jesus, meek and mild",,,,,,540,,,,
Give me Jesus...,,,,,,305,,,,
Give me the Bible.,,,,,655,272,52,71,,
Give of your best to the Master,,,,,,572,,,,
Give to our God immortal praise..,,,,,,106,,,,
Give to the winds,,,,,,,,197,,
Give to the winds your fears.....,,,,,,519,,,,
"Gladly, gladly toiling.",,,,,,,,86,,
Gleams of the golden morning.,,,,,,205,,,,
Glorious things of Thee are,,,,,,423,,,,
Glory be to the Father.,,,,,,660,,,,
"Go forth, go forth with Christ.",,,,,,377,,,,
Go to dark Gethsemane.,,,,,,157,,,,
"Go, preach My gospel...",,,,,,378,,,,
"Go, tell it on the mountain",,,,,,121,,,,
God be in my head.,,,,,,678,,,,
God be in my head.,,,,,,679,,,,
God be merciful to me,,,,,,297,,,,
God be with you till we meet....,,,,,,66,,,,
God be with You.,,,,,35,65,50,67,,
God bless our Sabbath School...,,,,,300,,,127,,
God has spoken by His prophets..,,,,,,413,,,,
God Himself is with us,,,,,,3,,,,
God in His love for us.,,,,,,641,,,,
God is here,,,,,,61,,,,
"God is love, and where true love is",,,,,,349,,,,
God is my strong salvation,,,,,,339,,,,
God is our song.,,,,,,22,,,,
God is working His purpose out...,,,,,,225,,,,
God made all things.,,,,,329,,,305,,
God moves in a mysterious way....,,,,,,107,,,,
God of grace and God of glory,,,,,,607,,,,
God of our fathers,,,,,,645,,,,
God sees the little sparrow.,,,,,,,,303,,
God the Omnipotent,,,,,,84,26a,,,
God will take care of you,,,,,,99,,,,
"God, who made the earth and.",,,,,,47,,,,
"God, who spoke in the beginning.",,,,,,87,,,,
"God, who stretched the spangled.",,,,,,536,,,,
"God, whose giving knows no",,,,,,636,,,,
God's day of rest.,,,,,310,,,126,,
God's free mercy streameth,,,,,,110,,,,
"Good Christian friends, rejoice..",,,,,,173,,,,
"Good Christians, now rejoice",,,,,,136,,,,
Goodbye Chorus,,,,,,,220,,,
"Gracious Father, guard Thy",,,,,,621,,,,
Grant us Your peace ....,,,,,,471,,,,
Great is Thy faithfulness.,,,,,,100,,,,
Great our joy as now we gather....,,,,,,59,,,,
Guide me O Thou Great Jehovah..,,,,,409,538,156,225,,
Hail Him the King of glory.,,,,,,202,,,,
Hail the day that sees Him rise ....,,,,,,176,,,,
Happy Happy Home.,,,,,,,204,307,,
Happy the home,,,,,,651,,,,
Happy the home that welcomes....,,,,,,655,,,,
"Hark, 'tis the Shepherd's voice...",,,,,625,,193,286,,
"Hark, the voice of Jesus.",,,,,447,,107,146,,
Hark! ten thousand harps and,,,,,,222,,,,
Hark! the herald angels sing,,,,,,122,,,,
Hark! the vesper hymn is stealing,,,,,,359,,,,
Hark! the voice of Jesus calling.,,,,,,58,,,,
Hark! tis the Shepherd's voice..,,,,,,361,,,,
"Have Thine own way, Lord...",,,,,,567,,,,
Have you been to Jesus.,,,,,,,117,164,,
Have you found the Saviour?.,,,,,,,,155,,
He brought me out..,,,,,,,,308,,
He hideth my soul..,,,,,,520,,,,
He leadeth me!..,,,,,393,537,151,220,,
He Lives He Lives,,,,,,251,167,,,
He loves me too,,,,,,,201,,,
He that goeth forth.,,,,,627,,,89,,
He will hide me..,,,,,,,,230,,
He's coming once again.,,,,,191,,,246,,
"Hear our prayer, O Lord",,,,,,684,,,,
Hear the pennies dropping..,,,,,,,202,298,,
Hear the Saviour at the door..,,,,,,,,157,,
Hear the words of the Scripture..,,,,,,,,137,,
"Heavenly Father, bless us now.....",,,,,,293,,,,
"Heavenly Father, hear our prayer",,,,,,658,,,,
"Heavenly Father, to Thee....",,,,,,677,,,,
Heir of the kingdom.,,,,,185,594,76,107,,
Hiding in Thee,,,,,,525,,,,
Higher ground.,,,,,,625,,,,
Hold fast till I come,,,,,,600,,,,
"Holy day, Jehovah's rest.",,,,,654,,,121,,
"Holy God, we praise your name...",,,,,,30,,,,
Holy Sabbath day of rest.,,,,,,381,,,,
Holy Spirit Light Divine.,,,,,206/516,268,,60,,
"Holy Spirit, faithful Guide.",,,,,211,,41,58,,
"Holy Spirit, gracious guest",,,,,,589,,,,
"Holy Spirit, hear us.",,,,,,680,,,,
"Holy, holy, holy, holy is the Lord.",,,,,,661,,,,
"Holy, holy, holy.",,,,327,73,73,1,1,,
"Holy, holy, is what the angels sing",,,,,,425,,,,
Home to the land above.,,,,,,,,261,,
"Hover o'er me, Holy Spirit..",,,,,212,260,40,57,,
How beauteous are their feet.......,,,,,,372,,,,
How cheering is the Christian's hope!....,,,,,387,440,,175,,
How far from home?,,,,,665,439,158,235,,
How firm a foundation.,,,,,255,509,75,98,,
How great Thou art,,,,,,86,,,,
"How long, O Lord?..",,,,,,,78,109,,
How lovely is Thy dwelling,,,,,,62,,,,
How sweet are the tidings.,,,,,669,442,159,236,,
How sweet the name of Jesus sounds...,,,,,,238,24,,,
How sweet upon this sacred day..,,,,,458,,88,125,,
I am coming to the cross.,,,,,600,307,115,162,,
I am going to Calvary..,,,,,,288,,,,
I am so glad that my Father..,,,,,,,200,289,,
I am Thine O Lord..,,,,,594,306,144,205,,
I am thinking today...,,,,,626,,58,78,,
I am trusting Thee..,,,,,,535,,,,
I cannot tell why,,,,,,255,,,,
I come to the garden alone,,,,,,487,,,,
I come with joy,,,,,,400,,,,
I gave My life for thee,,,,,,281,98,139,,
I have a Friend so precious,,,,,532,456,61,83,,
"I have a Savior, He's pleading.",,,,,,284,,,,
I have a song..,,,,,638,,32,39,,
I hear the Saviour say.,,,,,527,184,119,166,,
I hear Thy welcome voice.,,,,,224,282,142,204,,
I heard the voice of Jesus say,,,,,226,465,104,144,,
I hope to meet you all in glory..,,,,,,,,275,,
"I know I love Thee Better, Lord",,,,,,,48,65,,
I know my heavenly father knows,,,,,591,,,183,,
I know not why God's wondrous..,,,,,,511,,,,
I know Who pilots me...,,,,,,,,228,,
I know whom I have believed,,,,,,511,,,,
I lay my sins on Jesus,,,,,,298,,,,
I love the sacred Book.,,,,,220,,62,72,,
"I love Thee, I love Thee.",,,,650,343,236,,23,,
I love to come to Sabbath School....,,,,,,,206,304,,
I love to tell the story.,,,,,518,457,53,73,,
"I love Your kingdom, Lord",,,,,,344,,,,
I must have the Saviour..,,,,,,,154,223,,
I must tell Jesus....,,,,,,485,,,,
I need the prayers.,,,,,,505,,,,
I need Thee every hour,,,,,258,483,126,185,,
"I need Thee, precious Jesus",,,,,,484,,,,
I saw one weary..,,,,,,441,,,,
I serve a risen Savior.,,,,,,251,,,,
I shall see the King,,,,,,426,,,,
I sing the mighty power.,,,,,93,88,38,55,,
I surrender all.,,,,,,309,,,,
I think when I read that sweet,,,,,,146,,,,
"I vow to thee, my country",,,,,,648,,,,
I want Jesus to walk with me.,,,,,,624,,,,
I want to be Ready When Jesus Comes,,,,,,,214,,,
I want to be ready when Jesus comes....,,,,,,,208,,,
I washed my hands.,,,,,,,198,299,,
I will early seek the Saviour.,,,,,417,539,,291,,
I will follow Thee....,,,,,266,623,138,201,,
I will make you fishers of men....,,,,,,,,324,,
I will sing of Jesus' love.,,,,,529,183,31,38,,
I will sing of my Redeemer,,,,,,343,,,,
I would be like Jesus,,,,,,311,,,,
"I would be, dear Savior, wholly",,,,,597,308,,212,,
I would draw nearer to Jesus.,,,,,,310,,,,
I'd rather have Jesus,,,,,,327,,,,
I'll go where you want me to go...,,,,,,573,,82,,
"I'm a pilgrim, and I'm a stranger.",,,,,,444,,,,
I'm but a stranger here,,,,,,445,,,,
I'm feeding on the Living Bread.,,,,,,,,325,,
I'm going home.....,,,,,,437,,,,
I'm pressing on the upward way,,,,,631,625,73,105,,
I'm Thinking Now of a Beautiful Home.,,,,,,,,273,,
I've found a Friend.,,,,,531,186,49,66,,
I've two little hands.,,,,,,,,295,,
I've wandered far away from God,,,,,560,296,118,165,,
If you but trust in God....,,,,,,510,,,,
"Immortal love, forever full. .......",,,,,,455,,,,
"Immortal, invisible, God only wise",,,,,,21,,,,
In a little while we're going home.,,,,,,626,,313,,
In Christ there is no east nor west,,,,,,587,,,,
In heavenly love abiding,,,,,,513,,,,
"In imitation, Lord, of Thee",,,,,,401,,,,
In my heart there rings.,,,,,,,,321,,
In our work and in our play,,,,,,591,,,,
In the bleak midwinter....,,,,,,126,,,,
In the blood from the cross..........,,,,,,302,,,,
In the Cross of Christ I Glory,,,,,,237,,,,
In the Heart of Jesus,,,,,,577,,,,
In the Hour of Trial,,,,,,491,,,,
In the land of fadeless day.,,,,,558,,182,266,,
In Times Like These,,,,,,593,,,,
"Infant Holy, Infact Lowly",,,,,,127,,,,
Into my Heart,,,,,,,211,326,,
Is This a Day of New Beginnings,,,,,,342,,,,
Is your all on the altar.,,,,,,,,215,,
It came upon the Midnight Clear,,,,,,130,,,,
It may Be at Morn,,,,,536,207,163,245,,
It may not be on the mountain's height ...,,,,,,573,60,,,
Jerusalem the Golden,,,,,,429,,,,
"Jerusalem, My Happy Home",,,,,,420,,,,
Jesus Calls Us,,,,,,285,,,,
Jesus Friend of little children,,,,,420,,,290,,
Jesus high in glory...,,,,,,,,292,,
Jesus Invites His Saints,,,,,,409,,,,
Jesus is all the World to Me,,,,,,185,,48,,
Jesus is our shepherd..,,,,,,,,198,,
Jesus is passing..,,,,,,,,152,,
Jesus is tenderly calling.,,,,,569,,101,141,,
Jesus Loves Me,,,,,,190,197,301,,
Jesus my Saviour,,,,,,,,47,,
Jesus Shall Reign,,,,,,227,,,,
Jesus the loving Shepherd Jesus.,,,,,527,,,145,,
Jesus Walked This Lonesome Valley,,,,,,151,,,,
"Jesus, Friend of Little Children",,,,,,543,,,,
"Jesus, Friend So Kind",,,,,,542,,,,
"Jesus, Guide Our Way",,,,,,553,,,,
"Jesus, I My Cross Have Taken",,,,,267,325,,211,,
"Jesus, I will follow Thee",,,,,429,,,300,,
"Jesus, Jesus, Jesus.",,,,,,,,322,,
"Jesus, keep me near the cross",,,,,595,,120,167,,
"Jesus, Lover of My Soul",,,,,401,490,30,37,,
"Jesus, Lover of my Soul...",,,,,401,489,30,37,,
"Jesus, Priceless Treasure",,,,,,239,,,,
"Jesus, Savior, Pilot Me",,,,,,551,,52,,
"Jesus, Son of Blessed Mary",,,,,,544,,,,
"Jesus, Stand Among Us",,,,,,683,,,,
"Jesus, Tender Shepherd ,Hear Me",,,,,,55,,,,
"Jesus, the Very Thought of Thee",,,,,,241,,,,
"Jesus, Thou hast promised..",,,,278,602,,13,11,,
"Jesus, Thou Joy of Loving Hearts",,,,,,242,23,,,
"Jesus, What a Friend for Sinners",,,,,,187,,,,
"Jesus, when He left the sky.",,,,,,,,293,,
"Jesus, With Thy Church Abide",,,,,,374,,,,
"Jesus, Your Blood and Righteousness",,,,,,177,,,,
Joy to the world.,,,,,189,125,166,242,,
"Joy, joy, joy.",,,,,,,,332,,
"Joyful, Joyful, We Adore Thee",,,,,,12,,,,
Just as I am I come to Thee.,,,,,,,,216,,
"Just as I Am, Thine Own to Be",,,,,,324,,,,
Just as I am...,,,,,222,314,140,203,,
Just as I am...,,,,,222,313,140,203,,
Just When I Need Him Most,,,,,,512,,,,
Kept for Jesus.,,,,,,,,213,,
"King of glory, King of peace.",,,,,,243,,,,
"King of my life, I crown Thee......",,,,,,317,,,,
Lead me Saviour,,,,,,,,229,,
Lead me to Calvary,,,,,,317,,,,
"Lead me, Lord",,,,,,691,,,,
"Lead on, O King eternal",,,,,,619,,,,
"Lead them, my God, to Thee",,,,,,653,,,,
"Lead, kindly light.",,,,,,,,314,,
Lean on His arms,,,,,,,,309,,
Leaning on the everlasting arms...,,,,,,469,,,,
Let all mortal flesh keep silence...,,,,,,662,,,,
Let all on earth their voices raise..,,,,,,89,,,,
Let all the world in every corner..,,,,,,9,,,,
Let all things now living,,,,,,560,,,,
Let every lamp be burning.,,,,,183,595,,93,,
Let Jesus come into your heart..,,,,,,,,154,,
Let the Beauty of Jesus,,,,,,,213,,,
Let us break bread together,,,,,,403,,,,
Let us praise the name of the..,,,,,,14,,,,
Let us with a gladsome mind.,,,,,,112,,,,
Let your heart be broken,,,,,,575,,,,
Life at best is very brief.,,,,,,,,153,,
Life is great! so sing about it,,,,,,467,,,,
Lift high the cross,,,,,,362,,,,
Lift Him up..,,,,,,371,,,,
Lift up the trumpet..,,,,,358,213,161,238,,
Lift up your heads,,,,,,226,,,,
Light beyond the shadows.,,,,,,,,177,,
"Light of light, enlighten me.",,,,,,389,,,,
Like a river glorious.,,,,,,74,,,,
Like Jesus...,,,,,,492,,,,
Like the woman at the well,,,,,,493,,,,
Live out Thy life.,,,,,279,316,147,208,,
"Lo, how a rose e'er blooming",,,,,,131,,,,
"Lo, what a glorious sight",,,,,,446,,,,
Lo! He comes with clouds.,,,,,176,211,,244,,
Long ago the children sang.,,,,,,,,296,,
Long upon the mountains.,,,,,,447,,,,
Look for the waymarks,,,,,,596,,,,
"Look upon Jesus, sinless is He.......",,,,,,412,,,,
"Look, you saints! the sight is",,,,,,165,,,,
Lord for tomorrow and its needs ......,,,,,,,131,,,
"Lord God, your love has called us",,,,,,396,,,,
"Lord Jesus, I long to be.",,,,,592,318,114,161,,
"Lord Jesus, once you spoke to.....",,,,,,278,,,,
"Lord Jesus, think on me...",,,,,,504,,,,
Lord of all being,,,,,,17,,,,
Lord of all good.,,,,,,635,,,,
Lord of all nations.,,,,,,588,,,,
Lord of Creation,,,,,,320,,,,
Lord of our life,,,,,,514,,,,
Lord of the boundless curves,,,,,,97,,,,
Lord of the Sabbath,,,,,,393,,,,
"Lord, bestow on each...",,,,,,,,329,,
"Lord, bless our homes.",,,,,,654,,,,
"Lord, bless Thy word to every..",,,,,,667,,,,
"Lord, dismiss us...",,,,,33,64,26,33,,
"Lord, enthroned in heavenly.",,,,,,408,,,,
"Lord, for tomorrow.",,,,,604,,131a,190,,
"Lord, I care not for riches.",,,,,617,,170,249,,
"Lord, I have made Thy word my.",,,,,,273,,,,
"Lord, I hear of showers.",,,,,208,,39,56,,
"Lord, I want to be a Christian.",,,,,,319,,,,
"Lord, I'm coming home",,,,,,296,,,,
"Lord, in the morning.",,,,,39,39,89,131,,
"Lord, keep us safe this night.",,,,,,,,328,,
"Lord, make us more holy",,,,,,69,,,,
"Lord, speak to me",,,,,,541,,,,
"Lord, while for all mankind",,,,,,649,,,,
"Lord, who dost give to Thy.",,,,,,346,,,,
"Lord, whose love in humble",,,,,,363,,,,
Love at home,,,,,,652,,,,
Love consecrates the humblest act,,,,,,406,,,,
"Love Divine, all loves excelling",,,,,,191,37,,,
Loving Shepherd of Thy sheep....,,,,,,549,,,,
"Lovingly, tenderly calling",,,,,,,105,,,
Low in the grave he lay...,,,,,,,,40,,
"Make me a captive, Lord.",,,,,,568,,,,
Man of sorrows...,,,,,,,,54,,
Marvelous grace of our loving.,,,,,,109,,,,
"Master, hast Thou work.",,,,,,,,297,,
"Master, the tempest..",,,,,677,,,233,,
May God be with you,,,,,,673,,,,
May God depend on you.,,,,,,,,117,,
May the grace of Christ.,,,,,,659,,,,
May the Lord bless and keep you.,,,,,,675,,,,
Mine eyes have seen the glory.,,,,,,647,,,,
Moment by moment....,,,,,,507,,,,
More about Jesus..,,,,,,245,54,75,,
More like Jesus I would be.,,,,286,,,,21,,
More love to Thee....,,,,,,458,,,,
Morning has broken....,,,,,,44,,,,
Must Jesus bear the cross alone....,,,,,,328,,,,
My faith has found a resting place,,,,,,523,,,,
My faith looks up to Thee...,,,,,246,517,123,182,,
My Father is omnipotent.,,,,,,111,,,,
My Father is rich in houses,,,,,,468,,,,
My heart can sing when I pause...,,,,,,632,,,,
My hope is built.,,,,,581,522,69,100,,
"My Jesus, I love Thee.",,,,,276,321,29,36,,
My Lord and I,,,,,,456,,,,
My Maker and my King.,,,,689,71,15,9,9,,
My Shepherd will supply my need,,,,,,104,,,,
My song is love unknown,,,,,,188,,,,
My song shall be of Jesus,,,,,,244,,,,
"My soul, be on Thy guard...",,,,,358,605,67,99,,
Nailed to the cross...,,,,,,,,170,,
Nature with open volume stands ..,,,,,,94,,,,
Near the cross,,,,,,312,,,,
Near to the heart of God,,,,,,495,,,,
"Nearer, my God, to Thee.",,,,,382,473,152,221,,
"Nearer, still nearer.",,,,,390,301,33,49,,
Never part again,,,,,,449,,,,
New every morning,,,,,,,90,,,
New songs of celebration render..,,,,,,13,,,,
No night there,,,,,,427,,,,
"No, never alone.",,,,,,,,320,,
"Not I, but Christ",,,,230,271,570,17,17,,
Nothing between.,,,,,,322,,,,
Nothing for Jesus,,,,,,,106,,,
Now all the woods are sleeping.,,,,,,57,,,,
Now as we gather.,,,,,474,,,32,,
Now is born the divine Christ,,,,,,133,,,,
Now let us from this table,,,,,,404,,,,
Now praise the hidden God of,,,,,,548,,,,
Now thank we all our God,,,,,,559,,,,
Now that daylight fills,,,,,,42,,,,
Now the day is over....,,,,,,52,,,,
Now the green blade rises,,,,,,175,,,,
Now the joyful bells are ringing,,,,,,23,,,,
"Now, dear Lord, as we pray",,,,,,671,,,,
"O brother, be faithful.",,,,,,602,,,,
"O Christian, awake!",,,,,,610,,,,
"O come, all ye faithful.",,,,,,132,,,,
"O come, let us sing to the  Lord....",,,,,,63,,,,
"O come, O come, Immanuel",,,,,,115,,,,
O day of rest,,,,,463,382,82,122,,
O day of rest and gladness.,,,,,463,383,82,122,,
O for a closer walk with God.....,,,,,,315,,,,
O for a faith that will not shrink..,,,,,,533,79,113,,
O for a heart to praise my God....,,,,,,323,,,,
O for a thousand tongues.,,,,288,,,11,12,,
O for that flame of living fire.......,,,,,210,264,80,111,,
"O gladsome light, O grace.",,,,,,54,,,,
O God of light........,,,,,,275,,,,
O God our help.,,,,725,81,103,7,7,,
"O God, from whom mankind",,,,,,657,,,,
"O God, unseen yet ever near...",,,,,,405,,,,
"O God, whose will is life and good",,,,,,644,,,,
O gracious Father of mankind,,,,,,497,,,,
O happy band of pilgrims,,,,,,629,,,,
O happy day,,,,,310,,36,45,,
O hear my cry,,,,31,,,8,8,,
O holy Dove of God descending...,,,,,,270,,,,
O how I love Jesus.,,,,,,248,,,,
"O Jesus Christ, to you",,,,,,364,,,,
O Jesus my Redeemer.,,,,234,613,,,24,,
"O Jesus sweet, O Jesus mild",,,,,,134,,,,
"O Jesus, I have promised......",,,,,288,331,,218,,
"O Jesus, Thou art standing",,,,,,283,,,,
O let me walk with Thee.,,,,295,395,554,14,14,,
O listen to our wondrous story.,,,,,,180,,90,,
O little town of Bethlehem,,,,,,135,,,,
O Lord my God.,,,,,,86,,311,,
"O Lord, now let your servant.",,,,,,67,,,,
O love of God most full,,,,,,77,,,,
"O love of God, how strong",,,,,,79,,,,
O love that wilt not let me go.,,,,,,76,,,,
"O love, how deep, how broad,..",,,,,,148,,,,
"O Master, let me walk with Thee.",,,,,,574,,,,
"O morning star, how fair",,,,,,18,,,,
O now I see the crimson wave....,,,,,598,332,188,282,,
O perfect love,,,,,,656,185,,,
O praise ye the Lord,,,,,,20,,,,
O sacred head now wounded,,,,,,156,,,,
O safe to the Rock that is higher..,,,,,,525,,,,
O Shepherd divine,,,,,,192,,,,
O sing a new song to the Lord.,,,,,,19,,,,
O sing a song of Bethlehem,,,,,,144,,,,
"O sing, my soul, your Maker's.",,,,,,37,,,,
O solemn thought,,,,,,417,,,,
O splendor of God's glory bright.,,,,,,41,,,,
O there'll be joy when the work is,,,,,,430,179,263,,
O Thou in whose presence........,,,,,,36,,,,
O Thou who hearest every.,,,,,,668,,,,
O when shall I see Jesus?,,,,,,448,,,,
O where are the reapers.,,,,,620,366,,87,,
O Word of God incarnate,,,,,,274,,,,
O world of God........,,,,,,80,,,,
O worship the King.,,,,335,75,83,5,5,,
O worship the Lord in the beauty,,,,,,6,,,,
"O Zion, haste, thy mission high",,,,,,365,,,,
"O, the best Friend to have.....",,,,,528,,,196,,
Of the Father's love begotten,,,,,,116,,,,
Oh for a thousand tongues to sing.,,,,450,155,250,,26,,
On a hill far away....,,,,,,159,,,,
On Calvary's Brow,,,,,,,,41,,
On Jordan's banks the Baptist.,,,,,,333,,,,
On Jordan's stormy banks....,,,,,553,620,178,262,,
On our way rejoicing.,,,,,,68,,,,
On the shore beyond the sea.,,,,,657,,,88,,
Once in royal David's City.,,,,,,149,,,,
Once our blessed Christ of beauty,,,,,,178,,,,
Once to every man and nation.....,,,,,,606,,,,
One sweetly solemn thought.,,,,,,,153,222,,
One thing I of the Lord desire,,,,,634,,116,163,,
Only trust Him......,,,,,,279,,,,
"Onward, Christian soldiers!.",,,,,360,612,65,96,,
Open my eyes....,,,,,,326,,,,
Open now Thy gates of beauty,,,,,,45,,,,
Ordination Hymn,,,,,,,194,,,
Our Father by whose name.,,,,,,650,,,,
"Out of my bondage, sorrow.......",,,,,,292,,,,
Over yonder.,,,,,,431,,,,
"Pass me not, O gentle Savior",,,,87,559,569,22,22,,
"Peace, perfect peace",,,,,,463,,,,
Praise and thanksgiving.,,,,,,563,,,,
Praise God from whom.,,53,,470,683,694,12,13,,
"Praise God, from whom all....",,53,,470,683,695,12,13,,
Praise Him praise Him,,,,,,,205,,,
"Praise Him, Praise Him, all ye Little Children.",,,,,,,,306,,
"Praise Him, praise Him....",,,,,,249,,,,
"Praise the Lord, His glories show.",,,,,,25,,,,
"Praise the Lord, you heavens",,,,,,26,,,,
Praise to the Lord,,,,,,1,,,,
Praise we the Lord,,,,,,28,,,,
Praise ye the Father.,,,,,,70,,,,
"Praise, my soul, the King of",,,,,,4,,,,
"Prince of Peace, control my will",,,,,,153,,,,
Redeemed! how I love to proclaim,,,,,635,337,35,44,,
Redeemed! how I love to proclaim,,,,,635,338,35,44,,
"Rejoice, rejoice, believers.",,,,,,599,,,,
"Rejoice, the Lord is King.",,,,,,221,,,,
"Rejoice, ye pure in heart",,,,,,27,,,,
Rescue the perishing.,,,,,623,367,56,77,,
Ride on! ride on in majesty,,,,,,160,,,,
"Rise up, O church of God",,,,,,615,,,,
"Rise up, O men of God.",,,,,,615,,,,
"Rise up, shepherd, and follow.",,,,,,138,,,,
"Rise, my soul, and stretch.",,,,,,630,,,,
Rock of Ages.,,,,,474,300,192,285,,
Safe in the arms of Jesus.,,,,,615,,,226,,
Safely through another week.,,,,,462,384,85,124,,
"Savior, breathe an evening",,,,,,49,,,,
"Savior, teach me",,,,,,193,,,,
"Saviour, again to Thy dear name..",,,,,34,,27,34,,
"Saviour, like a shepherd.",,,,729,394,545,18,18,,
Seek ye first the kingdom.,,,,,,224,,,,
Seeking the lost.,,,,,,373,100,140,,
Send the light.,,,,,,,,312,,
Sent forth by God's blessing.,,,,,,407,,,,
Sevenfold amen..,,,,,,664,,,,
Shall we gather at the river,,,,,555,432,176,259,,
Shall you? shall I?.,,,,,,,,315,,
"Shalom, my friends",,,,,,674,,,,
Sharing in the joy.,,,,,,,,80,,
Shepherd of tender youth,,,,,,555,,,,
Showers of blessing,,,,,,195,,,,
"Silent night, holy night.",,,,,,143,,,,
Sing a new song to the Lord,,,,,,33,,,,
Sing praise to God.,,,,,,29,,,,
Sing the wondrous love of Jesus...,,,,,,633,,,,
Sing them over again.,,,,,574,286,139,202,,
Sing to the great Jehovah's praise,,,,,,105,,,,
Sing we of the modern city,,,,,,194,,,,
Sitting at the feet of Jesus.,,,,,618,,46,64,,
So send I you,,,,,,578,,,,
Softly and tenderly.,,,,,563,287,103,143,,
Softly now the light of day,,,,,,48,,,,
"Soldiers of Christ, arise",,,,,,616,,,,
Sometimes I hear strange music..,,,,,,472,,,,
"Son of God, eternal Savior",,,,,,637,,,,
Songs of thankfulness and praise.,,,,,,145,,,,
Soon shall the trump of God.,,,,,,419,,,,
Sound the battle cry.,,,,,499,614,,103,,
Sowing in the morning.,,,,,621,369,55,76,,
Sowing the seed of the kingdom.,,,,,,,,92,,
Speak to my soul.,,,,554,,,15,15,,
"Spirit divine, attend.",,,,,213,267,42,59,,
"Spirit of God, attend our prayers.",,,,,,267,,,,
"Spirit of God, descend..",,,,,,266,,,,
Spirit of the living God,,,,,,,207,,,
Spirit of the living God,,,,,,672,,,,
Spring has now unwrapped.,,,,,,95,,,,
Stand like the brave.,,,,,,610,,114,,
Stand up! stand up for Jesus.,,,,,,618,,112,,
Standing by a purpose true.,,,,,,,,312,,
Standing on the promises.,,,,,321,518,,135,,
Star of our hope...,,,,,,174,,,,
"Still, still with Thee",,,,,,498,,,,
Sun of my soul.,,,,,497,502,93,159,,
"Surely, surely",,,,,,688,,,,
Sweet by and by,,,,,,428,,,,
Sweet hour of prayer.,,,,,316,478,135,199,,
Sweet promise is given to all who.,,,,,548,600,165,240,,
Sweet Sabbath School.,,,,,,,83,123,,
Sweet the time.,,,,,516,,,180,,
"Sweet, sweet Spirit..",,,,,,262,,,,
Take my Life and Let It Be,,,,,273,330,146,207,,
Take the name of Jesus with you.,,,,,523,474,28,35,,
"Take the world, but give me ........",,,,,596,329,145,206,,
Take time to be holy.,,,,,603,500,134,192,,
"Teach me Father, what to say",,,,,,492,136,,,
Tell it to every kindred,,,,,,202,,,,
"Tell me the Old, Old story.",,,,,524,196,,69,,
Tell me the story of Jesus.,,,,,534,152,34,43,,
"Tell out, my soul, the greatness....",,,,,,31,,,,
Ten thousand times ten thousand,,,,,,433,,,,
Thanks to God whose word.,,,,,,276,,,,
That glorious day is coming,,,,,,209,,,,
The advent of our God......,,,,,,117,,,,
The church has one foundation.,,,,,,348,195,,,
The church has waited long,,,,,,217,,,,
The cleansing wave.,,,,,,332,,,,
The coming King is at the door,,,,,546,,157,234,,
The dawn of God's dear Sabbath,,,,,,40,,,,
The day is past and over.,,,,,,,,132,,
"The day Thou gavest, Lord..",,,,,,56,,,,
The first noel,,,,,,118,,,,
The glory song.,,,,,,435,,,,
The God of Abraham praise,,,,,,11,,,,
The golden morning is fast.,,,,,547,205,164,239,,
The great Physician now is near...,,,,,530,254,111,150,,
The head that once was crowned.,,,,,,199,,,,
The homeland! O the homeland..,,,,,,436,,,,
The judgement has set.,,,,,482,416,171,253,,
The King of love my Shepherd...,,,,,86,197,,29,,
The King shall come,,,,,,215,,,,
The Lord bless you and keep you,,,,,,669,,,,
The Lord in Zion reigneth,,,,,,7,,,,
The Lord is coming..,,,,,,200,,,,
The Lord is in His holy temple.,,,,,,687,,,,
The Lord is in His holy temple.,,,,,,692,,,,
The Lord is my light.,,,,,577,515,,181,,
The Lord's my Shepherd.,,,,,405,,132,191,,
The Lord's my shepherd.,,,,,,546,,,,
The Lord's my shepherd.,,,,,,552,,,,
The Lord's our Rock.,,,,505,585,528,20,20,,
The love that Jesus had for,,,,,,,,42,,
The Morning Bright,,,,,18,,6,,,
The old rugged cross,,,,,,159,,,,
The sacred anthem slowly rang.,,,,,,386,,,,
The Savior is waiting.,,,,,,289,,,,
The Saviour bids us watch.,,,,,,,,94,ht801,
The Seventh is for Jesus,,,,,,,203,,,
The Son of God proclaim.,,,,,,411,,,,
The spacious firmament on high..,,,,,,96,,,,
The Spirit of the Lord revealed,,,,,,261,,,,
"The strife is o'er, the battle done.",,,,,,172,,,,
The unveiled Christ,,,,,,178,,,,
The voice that breathed.,,,,,,,,279,,
The wise may bring their learning,,,,,,638,,,,
The wonder of it all,,,,,,75,,,,
The wonders of redeeming love...,,,,,,179,,,,
The world's glorious harvest.,,,,,,,,247,,
There is a balm in Gilead,,,,,,475,,,,
There is a blessed hope..............,,,,,,,162,,,
There is a fountain.,,,,,163,336,113,160,,
There is a gate.,,,,,561,,110,149,,
There is a green hill far away,,,,,,164,,,,
There is a land of pure delight.....,,,,,,449,,,,
There is a name I love to hear .....,,,,,,248,,,,
There is a place of quiet rest..,,,,,,495,,,,
There is a quiet place..,,,,,,503,,,,
There is beauty all around.,,,,,,652,184,278,,
There is place of quiet rest.,,,,,681,,,310,,
There is Power in the Blood.,,,,,,294,,169,,
There is sunlight.,,,,,612,,45,63,,
There shall be showers of blessing,,,,,652,195,,176,,
There were ninety and nine.,,,,,673,,,51,,
There'll be no dark valley,,,,,,208,183,,,
There'll be no night there.,,,,,,443,,,,
There'll be no sorrow there.,,,,,,443,,,,
There's a call comes ringing.,,,,,,,,91,,
There's a great day coming.,,,,,,,,252,,
There's a land that is fairer.,,,,,551,428,180,264,,
There's a new Day Dawning,,,,,,,219,,,
There's a song in the air,,,,,,120,,,,
There's a spirit in the air.,,,,,,584,,,,
There's a star in the east,,,,,,138,,,,
There's a stranger..,,,,,566,,102,142,,
"There's a sweet, sweet Spirit.",,,,,,262,,,,
There's a wideness in God's mercy,,,,,,114,,,,
There's life in a look.,,,,,,,125,172,,
There's no other name like Jesus.,,,,,,253,,,,
There's not a friend.,,,,,,,44,62,,
There's sunshine in my soul today,,,,,,470,,,,
There's the wonder of sunset,,,,,,75,,,,
Thine is the glory...,,,,,,171,,,,
This is my Father's world,,,,,,92,,,,
"This is My will, My one command",,,,,,352,,,,
This is the day the Lord.,,,,,,681,,,,
This is the threefold truth.,,,,,,203,,,,
This little light of mine,,,,,,580,,,,
Thou art the way........,,,,,,,,232,,
Thou didst leave Thy throne,,,,,,140,,,,
Though I speak with tongues........,,,,,,81,,,,
Throned upon the awful tree.......,,,,,,161,,,,
"Thy broken body, gracious Lord..",,,,,,410,,,,
"Thy hand, O God, has guided......",,,,,,351,,,,
"Thy holy Sabbath, Lord..",,,,,470,,87,119,,
"Thy love, O God, has all mankind",,,,,,354,,,,
Thy word is a lantern......,,,,,,676,,,,
Tis almost time for the Lord,,,,,,212,,,,
Tis love that makes us happy...,,,,,,579,199,288,,
Tis so sweet to trust in Jesus.....,,,,,588,524,129,188,,
Tis the blessed hour of prayer,,,,,324,501,137,200,,
To God be the glory.,,,,191,647,341,3,3,,
To the name that brings salvation,,,,,,646,,,,
To the work..,,,,,,,,85,,
Together let us sweetly live,,,,,,451,,,,
Tread softly...,,,,,,479,,,,
Trust and obey...,,,,,,590,,,,
Turn Your Eyes Upon Jesus,,,,,,290,212,,,
Two little eyes.,,,,,,,,331,,
Under His wings,,,,,,529,,,,
Until then.,,,,,,632,,,,
Unto the hills around.,,,,,,102,,,,
Waiting and watching.,,,,,542,,,241,,
Wake the song..,,,,,,34,,,,
"Wake, awake, for night is flying ...",,,,,,210,,,,
Walk in the light........,,,,,,,,194,,
"Watch, for the time is short....",,,,,,,71,102,,
"Watch, ye saints...",,,,,,598,160,237,,
"Watchman, blow the gospel trumpet...",,,,,619,368,64,95,,
"Watchman, tell me.....",,,,,180,,74,106,,
"Watchman, tell us of the night..",,,,,,592,,,,
"Watchmen, on the walls of Zion...",,,,,184,601,77,108,,
We are children of a King..,,,,,,,,294,,
We are climbing Jacob's ladder,,,,,,627,,,,
"We are living, we are dwelling.......",,,,,,617,,,,
We gather together,,,,,,8,,,,
We give Thee but Thine own.......,,,,,,670,96,,,
We give this child to you.,,,,,,379,,,,
We have heard a joyful sound...,,,,,637,340,108,147,,
We have heard from the bright....,,,,,,453,,,,
We have not known Thee,,,,,,291,,,,
We have this hope.......,,,,,,214,,,,
We know not the hour..,,,,,540,604,173,254,,
We know not the time when He cometh,,,,,,,174,,,
"We love Thy Sabbath, Lord...",,,,,,390,,,,
We plow the fields and scatter......,,,,,,561,,,,
We praise Thee with our minds ...,,,,,,642,,,,
"We praise Thee, O God.",,,,396,,,2,2,,
We shall know...,,,,,,,,257,,
We speak of the realms.,,,,,199,434,,268,,
We three kings.....,,,,,,137,,,,
We would see Jesus,,,,,,494,,,,
We'll build on the Rock.,,,,,579,531,72,104,,
We'll tarry by the living waters..,,,,,,,181,265,,
We've no abiding city here..,,,,,308,,,269,,
Weighed and Wanting.,,,,,,,,251,,
"Welcome, day of sweet repose.",,,,,,380,,,,
"Welcome, welcome, day of rest...",,,,,459,391,86,129,,
Were you there?,,,,,,158,,,,
What a fellowship...,,,,,611,469,43,61,,
What a friend we have in Jesus....,,,,,320,499,130,189,,
What a wonderful Savior!..,,,,,,335,,50,,
What ask we for our children....,,,,,,,,287,,
What can wash away my sin?,,,,,,,97,138,,
What Child is this?,,,,,,141,,,,
What does the Lord require?,,,,,,571,,,,
What heavenly music steals over...,,,,,,452,,,,
What joy it is to worship........,,,,,,586,,,,
What the World Needs is Jesus,,,,,,,215,,,
What the world needs is Jesus....,,,,,,,209,327,,
What wondrous love is this..,,,,,,162,,,,
What! Never part again?,,,,,,449,,,,
When all my labours and trials....,,,,,641,435,,267,,
When Christ was lifted from.,,,,,,585,,,,
When He comes,,,,,,220,,,,
When He cometh.,,,,,418,218,196,302,,
When I can read my title clear..,,,,,,464,,,,
When I get home.,,,,,,,,271,,
When I survey the wondrous,,,,,120,154,63,84,,
When I survey the wondrous.,,,,,120,155,63,84,,
When in our music God...,,,,,,32,,,,
When Jesus comes in glory..,,,,,,219,,,,
When Jesus shall gather.,,,,,538,,169,256,,
When morning gilds the skies.,,,,,,43,,,,
When my life-work is ended.,,,,,,,177,260,,
When on life a darkness falls..,,,,,,631,,,,
When peace like a river.,,,,,216,530,127,255,,
When the church of Jesus.,,,,,,581,,,,
When the day of toil.,,,,,313,,,186,,
When the roll is called up yonder,,,,,,216,,,,
When the trumpet of the Lord.,,,,,,216,168,248,,
When upon life's billows.,,,,,,,,173,,
When we all get to heaven.,,,,,,633,,272,,
When we walk with the Lord.,,,,,,590,128,276,,
Where cross the crowded ways,,,,,,355,,,,
Where he may lead me...,,,,,582,,,187,,
Where we'll never grow old.,,,,,,,,231,,
While shepherds watched,,,,,,139,,,,
Whisper a Prayer in the Morning,,,,,,,217,,,
Whiter than snow,,,,,,318,,,,
"Whither, pilgrims, are you going",,,,,,,,270,,
Who can cheer the heart,,,,,,189,,,,
Who is He in yonder stall?,,,,,,150,,27,,
Wholly Thine,,,,,,308,,,,
Whosoever heareth.,,,,,571,,109,148,,
Will your anchor hold?,,,,,584,534,,74,,
With friends on earth.,,,,,,,186,280,,
With joy we hail.,,,,,295,,,130,,
With songs and honors..,,,,,,35,,,,
With Thy Spirit Fill Me,,,,,,,216,,,
Wonderful love of Jesus.,,,,,650,,,46,,
Wonderful peace.,,,,,,466,,,,
Wonderful Wonderful Jesus,,,,,,,218,,,
Wonderful words of life,,,,,,286,,,,
"Wonderful, wonderful Jesus",,,,,,,210,,,
Wondrous love,,,,,,162,,,,
"Work, for the night is coming.",,,,,446,375,59,81,,
"Working, O Christ, with Thee......",,,,,,582,,,,
"Worthy, worthy is the Lamb.",,,,,,246,,,,
Would you be free,,,,,,294,,,,
Would you live for Jesus.......,,,,,,,149,210,,
Ye servants of God...,,,,,,256,,,,
Ye servants of the Lord.. ......,,,,,,597,,,,
Ye watchers and ye holy ones.......,,,,,,91,,,,
You that know the Lord.....,,,,,,583,,,,
You will see your Lord a-coming..,,,,,,438,,,,